<liste>
  <onglet nom="Sixième">
    <categorie nom="Gestion de données">
      <exercice commande="hello_word.HelloWord" description="Exercice de démonstration" nom="Hello Word">
        <parametre defaut="0" max="10" min="-10" nom="Parametre 1"/>
        <parametre defaut="0" max="10" min="-10" nom="Parametre 2"/>
      </exercice>    
    </categorie>
    <categorie nom="Nombres et Calculs">
      
    </categorie>
    <categorie nom="Géométrie">
     
    </categorie>
    <categorie nom="Grandeurs et mesures">
     
    </categorie>
  </onglet>
  <onglet nom="Cinquième">
    <categorie nom="Gestion de données">
      
    </categorie>
    <categorie nom="Nombres et Calculs">
     
    </categorie>
    <categorie nom="Géométrie">
     
    </categorie>
    <categorie nom="Grandeurs et mesures">
     
    </categorie>
  </onglet>
  <onglet nom="Quatrième">
    <categorie nom="Gestion de données">

    </categorie>
    <categorie nom="Nombres et Calculs">
      
    </categorie>
    <categorie nom="Géométrie">

    </categorie>
    <categorie nom="Grandeurs et mesures">

    </categorie>
  </onglet>
  <onglet nom="Troisième">
    <categorie nom="Gestion de données">

    </categorie>
    <categorie nom="Nombres et Calculs">
      
    </categorie>
    <categorie nom="Géométrie">

    </categorie>
    <categorie nom="Grandeurs et mesures">

    </categorie>
  </onglet>
</liste>
